Annual Distance (miles/vehicle),2020.0
LDVs,8238.182160905
HDVs,6073.077965966
aircraft,460511.068115039
rail,0.0
ships,140.774010325
motorbikes,1400.483710962
