Annual Distance (miles/vehicle),2020.0
LDVs,8209.914114013
HDVs,10363.333897604
aircraft,55814.071018521
rail,0.0
ships,150.030457622
motorbikes,1618.627565997
