Annual Distance (miles/vehicle),2020.0
LDVs,8167.873474355
HDVs,10832.007752158
aircraft,457024.895436845
rail,0.0
ships,149.394667405
motorbikes,1609.963458671
