Annual Distance (miles/vehicle),2020.0
LDVs,7187.456558069
HDVs,22314.147863241
aircraft,359596.027390683
rail,11905.13686393
ships,0.0
motorbikes,0.0
