Annual Distance (miles/vehicle),2020.0
LDVs,7409.493889069
HDVs,20778.85724649
aircraft,54248.148919157
rail,11494.726645058
ships,0.0
motorbikes,0.0
