Annual Distance (miles/vehicle),2020.0
LDVs,7371.226593942
HDVs,21718.615365777
aircraft,444202.503686918
rail,12014.749848373
ships,0.0
motorbikes,0.0
