solar pv,Hour0,Hour1,Hour2,Hour3,Hour4,Hour5,Hour6,Hour7,Hour8,Hour9,Hour10,Hour11,Hour12,Hour13,Hour14,Hour15,Hour16,Hour17,Hour18,Hour19,Hour20,Hour21,Hour22,Hour23
Winter,0,0,0,0.0,0.0,6.059830911286939e-06,0.02093469585485928,0.1540085826667204,0.27149456443111447,0.2761949732746362,0.2635359865009578,0.2568641126676308,0.26937968344307545,0.2722237640841062,0.20679980962221534,0.0644059028687947,0.003272308692094948,0.0,0.0,0,0,0,0,0
Spring,0,0,0,2.2724365917326023e-05,0.018469859631693317,0.10901383316450566,0.24912722355164532,0.3453169395501399,0.39486110710900335,0.40829373229568944,0.3921442829171098,0.39095756603031623,0.3967068306073995,0.3927553158673312,0.3632338396111783,0.31047796166933256,0.1784317211828439,0.04033827443280007,1.0099718185478235e-05,0,0,0,0,0
Summer,0,0,0,0.0008490728598688252,0.05458363671163018,0.19750556137533615,0.32946429999306265,0.3906990074403321,0.42377012832817884,0.445087731199854,0.4421293263925124,0.4428101867046712,0.435115130157055,0.4129137438997932,0.3928750903988008,0.35310750808783764,0.26159988213367313,0.10118919258902115,0.002728781329515534,0,0,0,0,0
Fall,0,0,0,0.0,0.00018278834224209786,0.04256683519962854,0.18216381540610396,0.289769027629749,0.3098833614573066,0.3187866769606821,0.31502047549240214,0.31090012161102826,0.3115970021658262,0.3211629254098293,0.30356954746902737,0.199121242239522,0.054844118853556105,0.00012947507575481932,0.0,0,0,0,0,0
Summer Peak,0,0,0,0.0,0.003948989810521989,0.02299705830833394,0.11893428135219168,0.12776143504629967,0.1405375785509296,0.16492839796885955,0.1468095035441116,0.2230017775353594,0.25412910898300334,0.2241632451266894,0.16748362666978556,0.20790269884806944,0.2401914978870434,0.06411301104141583,0.0,0,0,0,0,0
Winter Peak,0,0,0,0.0,0.0,0.0,0.020209536089141944,0.05784108604823384,0.07944438324697178,0.05621503142037185,0.09570492952559176,0.11219776932247769,0.2994263450448732,0.41417934306827686,0.30105239967273517,0.06271924993181982,0.0,0.0,0.0,0,0,0,0,0
