solar pv dist,Hour0,Hour1,Hour2,Hour3,Hour4,Hour5,Hour6,Hour7,Hour8,Hour9,Hour10,Hour11,Hour12,Hour13,Hour14,Hour15,Hour16,Hour17,Hour18,Hour19,Hour20,Hour21,Hour22,Hour23
Winter,0,0,0,0.0,0.0,0.0,0.044677661169415295,0.21766650921114797,0.33350311145796957,0.3354541907128627,0.3241461461050297,0.31841613439855404,0.3364358916432194,0.40774270399047075,0.286032326302602,0.08361298802653469,0.004485428518617404,0.0,0.0,0,0,0,0,0
Spring,0,0,0,1.0268838183647903e-05,0.006176706167464214,0.027361319340329843,0.2904386847672053,0.39160214413341277,0.4464993530631946,0.4569376270768725,0.43218972705428094,0.43618943952681194,0.44483580127744365,0.44309523320531513,0.39959643465938255,0.3245774373087429,0.17407221047010746,0.07701115195826744,3.5940933642767656e-05,0,0,0,0,0
Summer,0,0,0,0.0003583470428224715,0.014236150701220012,0.04051493384153459,0.37011277072847615,0.43114035802127276,0.458890535837419,0.48192790709038497,0.4759826038799212,0.47888738672704256,0.47143811183685436,0.43010332339734714,0.41507989510204746,0.3601116305333399,0.25085921847767656,0.1250956949489356,0.006770587309085183,0,0,0,0,0
Fall,0,0,0,0.0,0.0,0.0,0.23300835546744936,0.33478398909685053,0.3513090748584837,0.3602453208607913,0.3562805392722457,0.35728722209746233,0.35471630903613993,0.37673168805222346,0.3392521120980044,0.20977721334706556,0.05161959779149277,0.005126338694564687,0.0,0,0,0,0,0
Summer Peak,0,0,0,0.0,0.0014170996693434106,0.005196032120925839,0.18375059045819556,0.10911667453944263,0.16721776098252245,0.19650448748228627,0.13793103448275862,0.2786962683042041,0.2678318375059046,0.26358053849787433,0.18375059045819556,0.23004251299008033,0.24563060935285783,0.028814359943316013,0.0,0,0,0,0,0
Winter Peak,0,0,0,0.0,0.0,0.0,0.05526688710439301,0.0675484175720359,0.11053377420878602,0.03212092583845064,0.1072272083136514,0.10911667453944263,0.4733112895606991,0.6036844591402929,0.3934813415210203,0.06849315068493152,0.0,0.0,0.0,0,0,0,0,0
