Unit: dimensionless (ratio of electricity demand in this hour to annual demand),Hour0,Hour1,Hour2,Hour3,Hour4,Hour5,Hour6,Hour7,Hour8,Hour9,Hour10,Hour11,Hour12,Hour13,Hour14,Hour15,Hour16,Hour17,Hour18,Hour19,Hour20,Hour21,Hour22,Hour23
Winter,0,0,0,0.0,0.0,9.157509157509158e-06,0.036999389499389496,0.2492490842490842,0.42986568986568974,0.4403479853479855,0.4197405372405373,0.41018009768009767,0.4331562881562881,0.4415598290598292,0.3394536019536022,0.11168803418803419,0.006926129426129427,0.0,0.0,0,0,0,0,0
Spring,0,0,0,3.58337314859054e-05,0.029124860646599776,0.17190237298932948,0.39284519827998104,0.5445254021340978,0.6226508998248128,0.6438326166587036,0.6183667781493869,0.6164954610606788,0.6255613951266125,0.6193303073737857,0.5727783086478738,0.4895883102404839,0.2813664596273291,0.06360885491320274,1.5926102882624623e-05,0,0,0,0,0
Summer,0,0,0,0.0012661251791686572,0.08571030418856507,0.3099418697244785,0.5208512501990763,0.6119445771619686,0.6620998566650742,0.6954650422041724,0.6940117853161333,0.6970616340181557,0.684738811912725,0.649964166268514,0.6156274884535755,0.5550366300366298,0.41696528109571607,0.16178929765886282,0.004172638955247651,0,0,0,0,0
Fall,0,0,0,0.0,0.0002882363538101243,0.0671230408935327,0.2872515462679396,0.45693268480153726,0.4886506935687264,0.5026902059688946,0.49675133609559835,0.4902540082867952,0.49135290938569626,0.5064372785684261,0.4786945295142016,0.31399147300786645,0.0864829159911127,0.00020416741728217138,0.0,0,0,0,0,0
Summer Peak,0,0,0,0.0,0.006227106227106227,0.03626373626373627,0.18754578754578755,0.20146520146520147,0.2216117216117216,0.2600732600732601,0.2315018315018315,0.3516483516483517,0.40073260073260075,0.3534798534798535,0.2641025641025641,0.32783882783882784,0.3787545787545788,0.1010989010989011,0.0,0,0,0,0,0
Winter Peak,0,0,0,0.0,0.0,0.0,0.031868131868131866,0.0912087912087912,0.12527472527472527,0.08864468864468865,0.15091575091575093,0.1769230769230769,0.4721611721611722,0.6531135531135531,0.4747252747252747,0.0989010989010989,0.0,0.0,0.0,0,0,0,0,0
