solar pv,Hour0,Hour1,Hour2,Hour3,Hour4,Hour5,Hour6,Hour7,Hour8,Hour9,Hour10,Hour11,Hour12,Hour13,Hour14,Hour15,Hour16,Hour17,Hour18,Hour19,Hour20,Hour21,Hour22,Hour23
Winter,0,0,0,0.0,0.0,7.562009537813513e-06,0.02612422228329975,0.19218595173368444,0.33879567198296684,0.3446612707144644,0.32886423278997196,0.32053846028883926,0.33615653065427004,0.3397056337973507,0.25806365815727006,0.08037155803772797,0.004083485150419298,0.0,0.0,0,0,0,0,0
Spring,0,0,0,2.8357535766800675e-05,0.023048374903794105,0.13603740074795767,0.31088366461143596,0.4309179626749957,0.49274369232123594,0.5095061467967226,0.48935339137844963,0.48787249784396136,0.49504695439296165,0.49011589400684585,0.45327630420846426,0.38744270950718257,0.22266337084091883,0.05033777682337862,1.2603349229689192e-05,0,0,0,0,0
Summer,0,0,0,0.0010595505317924912,0.0681144387466475,0.246465447758561,0.41113559361468816,0.48754984486037695,0.5288190048817033,0.5554210534534997,0.5517292861917826,0.5525789257691632,0.5429763325848048,0.5152714185223691,0.490265359588084,0.4406397444292243,0.3264481852292489,0.12627310079833903,0.00340522214934568,0,0,0,0,0
Fall,0,0,0,0.0,0.00022809995982912894,0.053118778145208406,0.22732061829971265,0.36160021340162307,0.38670071314782023,0.3978110820244974,0.39311127243551797,0.3879695191743697,0.38883915027121824,0.400776381502276,0.3788217603687223,0.2484816416563609,0.06843949211373156,0.00016157080487896633,0.0,0,0,0,0,0
Summer Peak,0,0,0,0.0,0.004927909548808473,0.028697826196002287,0.1484170405288199,0.15943236775556827,0.17537560453112508,0.2058126929208245,0.18320228440276207,0.27828195099153735,0.3171254733174394,0.2797313361529516,0.20900134027593584,0.25943994389315195,0.29973285138046835,0.08000606091006698,0.0,0,0,0,0,0
Winter Peak,0,0,0,0.0,0.0,0.0,0.025219301808608065,0.07217938103842998,0.09913794504073517,0.07015024181245004,0.11942933730053477,0.1400106065926172,0.37365149461259545,0.516850748560324,0.37568063383857536,0.07826679871636986,0.0,0.0,0.0,0,0,0,0,0
