solar pv,Hour0,Hour1,Hour2,Hour3,Hour4,Hour5,Hour6,Hour7,Hour8,Hour9,Hour10,Hour11,Hour12,Hour13,Hour14,Hour15,Hour16,Hour17,Hour18,Hour19,Hour20,Hour21,Hour22,Hour23
Winter,0,0,0,0.0,0.0,7.492583487884918e-06,0.025884378422813097,0.19042151181676584,0.3356852229520492,0.3414969702108189,0.3258449633046273,0.31759562888446596,0.33307031131477755,0.336586830498425,0.2556944016353902,0.07963367483707022,0.004045995083457857,0.0,0.0,0,0,0,0,0
Spring,0,0,0,2.8097188079568442e-05,0.02283677008911591,0.13478845503726303,0.308029472916309,0.4269617481473355,0.4882198619803679,0.5048284220451795,0.4848606870499662,0.4833933894502556,0.49050197803438617,0.48561618921832794,0.44911481999318187,0.3838856369115702,0.22061912080077134,0.04987563075102061,1.2487639146474865e-05,0,0,0,0,0
Summer,0,0,0,0.0010498229047967488,0.06748908692691806,0.24420267324125894,0.40736099903014217,0.4830736987113015,0.523963970720146,0.5503217885563008,0.5466639150389588,0.5475057541607297,0.5379913214197729,0.5105407633902604,0.48576428257107923,0.43659427519987554,0.3234510972338563,0.12511380014461376,0.0033739591468625084,0,0,0,0,0
Fall,0,0,0,0.0,0.00022600579701161067,0.05263109997907883,0.22523361053848756,0.3582803981667602,0.38315045274624626,0.39415881844235345,0.3895021573330933,0.3844076099921233,0.38526925709323,0.3970968938035043,0.3753438358411368,0.24620035666541895,0.067811156011692,0.00016008743954989087,0.0,0,0,0,0,0
Summer Peak,0,0,0,0.0,0.004882666906271671,0.02843435433652327,0.147054438588888,0.15796863520290705,0.17376549872319774,0.20392314726193456,0.18152032263315865,0.27572707235416505,0.31421397620360053,0.2771631508560096,0.20708251996599267,0.2570580518301851,0.29698103418146526,0.07927153330182243,0.0,0,0,0,0,0
Winter Peak,0,0,0,0.0,0.0,0.0,0.0249877659320962,0.07151670939186154,0.09822776952617128,0.0695061994892791,0.11833286855199583,0.13872518327818925,0.37022103777554033,0.5121055937577877,0.3722315476781227,0.07754823909960891,0.0,0.0,0.0,0,0,0,0,0
